 

{
  "name": "login_modal_bootstrap.html",
  "bucket": "projetoimigrantes-adcf4.appspot.com",
  "generation": "1663590619829653",
  "metageneration": "1",
  "contentType": "login/html",
  "timeCreated": "2022-09-19T12:30:19.868Z",
  "updated": "2022-09-19T12:30:19.868Z",
  "storageClass": "STANDARD",
  "size": "1381",
  "md5Hash": "UJhV8z/gPLoCedsUcH+3/g==",
  "contentEncoding": "identity",
  "contentDisposition": "inline; filename*=utf-8''login.html",
  "crc32c": "ntNrsA==",
  "etag": "CJWryf/toPoCEAE=",
  "downloadTokens": "020b037b-ecda-480c-a073-a7483b7ef9f8"
}